<application>
  <component name="Trusted.Paths">
    <option name="TRUSTED_PROJECT_PATHS">
      <map>
        <entry key="$USER_HOME$/DataGripProject/DataGripDesktop_1" value="true" />
        <entry key="$USER_HOME$/DataGripProject/DataGripDesktop_2" value="true" />
        <entry key="$USER_HOME$/DataGripProject/DataGripDesktop_3" value="true" />
        <entry key="$USER_HOME$/DataGripProject/DataGripDesktop_4" value="true" />
        <entry key="$USER_HOME$/DataGripProject/DataGripDesktop_5" value="true" />
        <entry key="$USER_HOME$/DataGripProject/DataGripDesktop_6" value="true" />
      </map>
    </option>
  </component>
</application>