<application>
  <component name="DimensionService">
    <size key="GridCell.Tab.0.left.0.0.5120.2880@192dpi" width="3536" height="796" />
    <size key="GridCell.Tab.0.center.0.0.5120.2880@192dpi" width="3536" height="796" />
    <size key="GridCell.Tab.0.right.0.0.5120.2880@192dpi" width="3536" height="796" />
    <size key="GridCell.Tab.0.bottom.0.0.5120.2880@192dpi" width="3536" height="796" />
  </component>
  <component name="SingleStripeButtonsState">
    <id>Database</id>
    <id>Project</id>
    <id>Services</id>
  </component>
  <component name="WindowManager">
    <frame x="580" y="232" width="1400" height="1000" />
  </component>
  <component name="WindowStateApplicationService">
    <state x="1280" y="605" width="800" height="650" key="WELCOME_SCREEN" timestamp="1749471959442">
      <screen x="0" y="25" width="2560" height="1415" />
    </state>
    <state x="1280" y="605" width="800" height="650" key="WELCOME_SCREEN/-1512.490.1512.950/0.25.2560.1415/2560.-283.1080.1920" timestamp="1741943441150" />
    <state x="1280" y="605" width="800" height="650" key="WELCOME_SCREEN/-1512.490.1512.950/2560.-283.1080.1920/0.25.2560.1415" timestamp="1749471959442" />
    <state x="1280" y="605" width="800" height="650" key="WELCOME_SCREEN/-1512.742.1512.950/0.25.2560.1415" timestamp="1749048943488" />
  </component>
</application>