<application>
  <component name="LocalDatabaseDriverManager" version="201">
    <driver id="mysql.8">
      <artifact />
      <artifact id="MySQL ConnectorJ" name="MySQL ConnectorJ" use="true" version="8.0.25" />
    </driver>
    <driver id="mysql">
      <artifact id="MySQL Connector/J" name="MySQL Connector/J" use="true" version="5.1.46" />
    </driver>
    <driver id="java.sql.Driver" name="User Driver" driver-class="java.sql.Driver">
      <library native="true">
        <url>file://$USER_HOME$/Downloads/Dm7JdbcDriver17.jar</url>
      </library>
    </driver>
    <driver id="6434f451-cde0-46c1-ac10-c5268ed395d6" name="User Driver [2]" driver-class="dm.jdbc.driver.DmDriver">
      <library>
        <url>file://$USER_HOME$/Downloads/Dm7JdbcDriver17.jar</url>
      </library>
    </driver>
  </component>
</application>