<application>
  <component name="GeneralSettings">
    <option name="showTipsOnStartup" value="false" />
    <option name="reopenLastProject" value="false" />
    <option name="autoSaveIfInactive" value="true" />
    <option name="confirmOpenNewProject2" value="0" />
    <option name="processCloseConfirmation" value="TERMINATE" />
    <option name="inactiveTimeout" value="10" />
  </component>
  <component name="Registry">
    <entry key="ide.balloon.shadow.size" value="0" />
    <entry key="win.editor.thumb.default.alpha.base" value="0" />
    <entry key="win.editor.thumb.default.alpha.delta" value="102" />
    <entry key="win.editor.thumb.darcula.alpha.base" value="0" />
    <entry key="win.editor.thumb.darcula.alpha.delta" value="102" />
    <entry key="win.editor.thumb.default.fill.min" value="102" />
    <entry key="win.editor.thumb.default.fill.max" value="150" />
    <entry key="win.editor.thumb.darcula.fill.min" value="102" />
    <entry key="SBT.system.in.process" value="true" />
    <entry key="BSP.experimental.feature.enabled" value="false" />
    <entry key="BSP.system.in.process" value="true" />
    <entry key="ide.tree.ui.experimental" value="false" />
    <entry key="debugger.watches.in.variables" value="false" />
    <entry key="ide.experimental.ui" value="true" />
    <entry key="debugger.new.tool.window.layout" value="true" />
    <entry key="i18n.locale" value="" />
    <entry key="moved.to.new.ui" value="true" />
  </component>
</application>