<application>
  <component name="ink.organics.pojo2json.parser.SettingsState">
    <option name="classNameSpELMap">
      <map>
        <entry key="com.fasterxml.jackson.databind.JsonNode" value="#{#object.getValue()}" />
        <entry key="com.fasterxml.jackson.databind.node.ArrayNode" value="#{#array.getValue()}" />
        <entry key="com.fasterxml.jackson.databind.node.ObjectNode" value="#{#object.getValue()}" />
        <entry key="java.lang.Boolean" value="#{true}" />
        <entry key="java.lang.CharSequence" value="#{'string'}" />
        <entry key="java.lang.Character" value="#{'c'}" />
        <entry key="java.lang.Double" value="#{10.24}" />
        <entry key="java.lang.Float" value="#{10.24}" />
        <entry key="java.lang.Number" value="#{1024}" />
        <entry key="java.math.BigDecimal" value="#{10.24}" />
        <entry key="java.time.LocalDate" value="#{#datetime.getRandomValue('yyyy-MM-dd')}" />
        <entry key="java.time.LocalDateTime" value="#{#datetime.getRandomValue('yyyy-MM-dd HH:mm:ss')}" />
        <entry key="java.time.LocalTime" value="#{#datetime.getRandomValue('HH:mm:ss')}" />
        <entry key="java.time.YearMonth" value="#{#datetime.getRandomValue('yyyy-MM')}" />
        <entry key="java.time.ZonedDateTime" value="#{#datetime.getRandomValue()}" />
        <entry key="java.time.temporal.Temporal" value="#{#temporal.getRandomValue()}" />
        <entry key="java.util.AbstractMap" value="#{#object.getValue()}" />
        <entry key="java.util.Date" value="#{#datetime.getRandomValue('yyyy-MM-dd HH:mm:ss')}" />
        <entry key="java.util.Map" value="#{#object.getValue()}" />
        <entry key="java.util.UUID" value="#{#uuid.getValue()}" />
      </map>
    </option>
  </component>
</application>