<application>
  <component name="ink.organics.pojo2json.parser.SettingsState">
    <option name="classNameSpELMap">
      <map>
        <entry key="com.fasterxml.jackson.databind.JsonNode" value="#{#object.getValue()}" />
        <entry key="com.fasterxml.jackson.databind.node.ArrayNode" value="#{#array.getValue()}" />
        <entry key="com.fasterxml.jackson.databind.node.ObjectNode" value="#{#object.getValue()}" />
        <entry key="java.lang.Boolean" value="boolean" />
        <entry key="java.lang.CharSequence" value="string" />
        <entry key="java.lang.Character" value="char" />
        <entry key="java.lang.Double" value="float" />
        <entry key="java.lang.Float" value="float" />
        <entry key="java.lang.Integer" value="int" />
        <entry key="java.lang.Long" value="long" />
        <entry key="java.lang.Number" value="number" />
        <entry key="java.math.BigDecimal" value="long" />
        <entry key="java.time.LocalDate" value="date" />
        <entry key="java.time.LocalDateTime" value="date" />
        <entry key="java.time.LocalTime" value="date" />
        <entry key="java.time.YearMonth" value="#{#datetime.getRandomValue('yyyy-MM')}" />
        <entry key="java.time.ZonedDateTime" value="#{#datetime.getRandomValue()}" />
        <entry key="java.time.temporal.Temporal" value="#{#temporal.getRandomValue()}" />
        <entry key="java.util.AbstractMap" value="#{#object.getValue()}" />
        <entry key="java.util.Date" value="date" />
        <entry key="java.util.Map" value="#{#object.getValue()}" />
        <entry key="java.util.UUID" value="#{#uuid.getValue()}" />
      </map>
    </option>
  </component>
</application>