<application>
  <component name="RemoteServers">
    <remote-server name="Docker" type="docker">
      <configuration>
        <option name="apiUrl" value="http://127.0.0.1" />
        <option name="certificatesPath" />
        <option name="connected" value="true" />
        <entry contributedKey="DockerSshConnectionConfigurator.SshConfigId" value="b841b231-e80c-4f89-8520-11ffa68799cc" />
        <option name="customConfiguratorId" value="DockerSshConnectionConfigurator" />
      </configuration>
    </remote-server>
  </component>
</application>