<application>
  <component name="SonarLintGlobalSettings">
    <option name="rulesByKey">
      <map>
        <entry key="java:S1118">
          <value>
            <Rule active="false" key="java:S1118" />
          </value>
        </entry>
        <entry key="java:S3776">
          <value>
            <Rule active="false" key="java:S3776" />
          </value>
        </entry>
        <entry key="java:S6813">
          <value>
            <Rule active="false" key="java:S6813" />
          </value>
        </entry>
      </map>
    </option>
    <rules>
      <Rule active="false" key="java:S6813" />
      <Rule active="false" key="java:S1118" />
      <Rule active="false" key="java:S3776" />
    </rules>
  </component>
</application>