<application>
  <component name="BlockTerminalUsage">
    <option name="blockTerminalUsedLastVersion" value="242.20224.419" />
    <option name="feedbackNotificationShown" value="true" />
    <shellToExecutedCommandsNumber>
      <entry key="bash" value="3" />
    </shellToExecutedCommandsNumber>
  </component>
  <component name="TerminalOptionsProvider">
    <option name="myCloseSessionOnLogout" value="false" />
    <option name="myHighlightHyperlinks" value="false" />
    <option name="myPasteOnMiddleMouseButton" value="false" />
    <option name="myReportMouse" value="false" />
    <option name="myShellIntegration" value="false" />
    <option name="mySoundBell" value="false" />
    <option name="myTabName" value="bash" />
  </component>
</application>