<application>
  <component name="Trusted.Paths">
    <option name="TRUSTED_PROJECT_PATHS">
      <map>
        <entry key="$USER_HOME$/Desktop/demo" value="true" />
        <entry key="$USER_HOME$/Downloads/pz_test/SpringBoot" value="true" />
        <entry key="$USER_HOME$/Downloads/比赛/源码/eshop-java-mybatisplus" value="true" />
        <entry key="$USER_HOME$/Git/Lottery" value="true" />
        <entry key="$USER_HOME$/Git/Simple-RPC" value="true" />
        <entry key="$USER_HOME$/Git/balance-api" value="true" />
        <entry key="$USER_HOME$/Git/balanceAnalysis" value="true" />
        <entry key="$USER_HOME$/Git/balanceAnalysis/balance-analysis" value="true" />
        <entry key="$USER_HOME$/Git/design-patterns" value="true" />
        <entry key="$USER_HOME$/Git/design-patterns/State" value="true" />
        <entry key="$USER_HOME$/Git/design-patterns/Strategy" value="true" />
        <entry key="$USER_HOME$/Git/design-patterns/template-method" value="true" />
        <entry key="$USER_HOME$/Git/gulimall-all" value="true" />
        <entry key="$USER_HOME$/Git/halo" value="true" />
        <entry key="$USER_HOME$/Git/lottery" value="true" />
        <entry key="$USER_HOME$/Git/lottery/lottery-application" value="true" />
        <entry key="$USER_HOME$/Git/lottery/lottery-common" value="true" />
        <entry key="$USER_HOME$/Git/lottery/lottery-domain" value="true" />
        <entry key="$USER_HOME$/Git/lottery/lottery-infrastructure" value="true" />
        <entry key="$USER_HOME$/Git/lottery/lottery-interfaces" value="true" />
        <entry key="$USER_HOME$/Git/lottery/lottery-rpc" value="true" />
        <entry key="$USER_HOME$/Git/lottery_my" value="true" />
        <entry key="$USER_HOME$/Git/machineHai" value="true" />
        <entry key="$USER_HOME$/Git/machineHai/ewem" value="true" />
        <entry key="$USER_HOME$/Git/machineMiniProject/RuoYi-Vue" value="true" />
        <entry key="$USER_HOME$/Git/machineOrigin/machine" value="true" />
        <entry key="$USER_HOME$/Git/neuropeptide-v3" value="true" />
        <entry key="$USER_HOME$/Git/neuropeptide-v3/neuropeptide-xdev" value="true" />
        <entry key="$USER_HOME$/Git/newMachineSystem/RuoYi-Vue-Plus" value="true" />
        <entry key="$USER_HOME$/Git/probiotic-api" value="true" />
        <entry key="$USER_HOME$/Git/tracking-product/ewem" value="true" />
        <entry key="$USER_HOME$/Library/Mobile Documents/com~apple~CloudDocs/Documents/javaPractice" value="true" />
        <entry key="$USER_HOME$/Library/Mobile Documents/com~apple~CloudDocs/Documents/javaPractice/temp1" value="true" />
        <entry key="$USER_HOME$/Library/Mobile Documents/com~apple~CloudDocs/Documents/myCodeFragment" value="true" />
        <entry key="$USER_HOME$/Library/Mobile Documents/com~apple~CloudDocs/Documents/myCodeFragment/write-readable-code" value="true" />
        <entry key="$USER_HOME$/Library/Mobile Documents/com~apple~CloudDocs/Documents/other/Lottery" value="true" />
        <entry key="$USER_HOME$/Library/Mobile Documents/com~apple~CloudDocs/Documents/other/RuoYi-Vue-Plus" value="true" />
        <entry key="$USER_HOME$/Library/Mobile Documents/com~apple~CloudDocs/Documents/other/db-router-spring-boot-starter" value="true" />
        <entry key="$USER_HOME$/Library/Mobile Documents/com~apple~CloudDocs/Documents/other/public-financial" value="true" />
        <entry key="$USER_HOME$/Library/Mobile Documents/com~apple~CloudDocs/Documents/研究生毕业论文/balance-api" value="true" />
        <entry key="$USER_HOME$/MyDocuments/javaPractice" value="true" />
        <entry key="$USER_HOME$/MyDocuments/other/Lottery" value="true" />
        <entry key="$USER_HOME$/MyDocuments/other/RuoYi-Cloud" value="true" />
        <entry key="$USER_HOME$/MyDocuments/other/demo" value="true" />
        <entry key="$USER_HOME$/Temp/dubbo-admin/dubbo-admin-server" value="true" />
        <entry key="$USER_HOME$/Temp/java" value="true" />
        <entry key="$USER_HOME$/Temp/java/excel-template" value="true" />
        <entry key="$USER_HOME$/Temp/java/gmall-interfaces/gmall-interfaces" value="true" />
        <entry key="$USER_HOME$/Temp/java/gmall-order-web" value="true" />
        <entry key="$USER_HOME$/Temp/java/gmall-user" value="true" />
        <entry key="$USER_HOME$/Temp/java/lottery-test/lottery-test" value="true" />
        <entry key="$USER_HOME$/Temp/java/mavenProjectTest" value="true" />
        <entry key="$USER_HOME$/Temp/java/ms-user" value="true" />
        <entry key="$USER_HOME$/Temp/java/spiDemo" value="true" />
        <entry key="$USER_HOME$/Temp/java/springDemo" value="true" />
        <entry key="$USER_HOME$/Temp/java/springSecurityDemo" value="true" />
        <entry key="$USER_HOME$/Temp/java/zookeeper" value="true" />
        <entry key="$USER_HOME$/Temp/temp_desktop/demo" value="true" />
        <entry key="$USER_HOME$/Temp/temp_desktop/probiotic" value="true" />
        <entry key="$USER_HOME$/iCloud/Documents/CodeFragment" value="true" />
        <entry key="$USER_HOME$/notSync/demo-hello" value="true" />
        <entry key="$USER_HOME$/pddProject/logistics-babylon" value="true" />
        <entry key="$USER_HOME$/pddProject/logistics-gypsy" value="true" />
        <entry key="$USER_HOME$/pddProject/logistics-gypsy-courier" value="true" />
        <entry key="$USER_HOME$/pddProject/logistics-gypsy-fence" value="true" />
        <entry key="$USER_HOME$/pddProject/logistics-mimas" value="true" />
        <entry key="$USER_HOME$/pddProject/logistics-vesta" value="true" />
      </map>
    </option>
  </component>
  <component name="Trusted.Paths.Settings">
    <option name="TRUSTED_PATHS">
      <list>
        <option value="$USER_HOME$/Git" />
        <option value="$USER_HOME$/Temp/temp_desktop" />
        <option value="$USER_HOME$/MyDocuments/other" />
        <option value="$USER_HOME$/Library/Mobile Documents/com~apple~CloudDocs/Documents/other" />
      </list>
    </option>
  </component>
</application>