<application>
  <component name="UpdatesConfigurable">
    <option name="CHECK_NEEDED" value="false" />
    <option name="LAST_BUILD_CHECKED" value="IU-231.8109.175" />
    <option name="LAST_TIME_CHECKED" value="1685161889902" />
    <pluginHosts>
      <item value="https://plugins.zhile.io" />
    </pluginHosts>
    <option name="PLUGINS_CHECK_NEEDED" value="false" />
    <option name="SHOW_WHATS_NEW_EDITOR" value="false" />
    <option name="THIRD_PARTY_PLUGINS_ALLOWED" value="true" />
    <option name="WHATS_NEW_SHOWN_FOR" value="231" />
  </component>
</application>