<application>
  <component name="DimensionService">
    <location key="find.popup.0.0.5120.2880@192dpi" x="1734" y="956" />
    <location key="find.popup.0.0.3024.1964@192dpi" x="756" y="528" />
    <location key="find.popup.-3024.822.3024.1964@192dpi" x="-1970" y="1212" />
    <location key="find.popup.-1016.-2880.5120.2880@192dpi" x="264" y="-2190" />
    <size key="GridCell.Tab.0.left.0.0.5120.2880@192dpi" width="4988" height="656" />
    <size key="GridCell.Tab.0.center.0.0.5120.2880@192dpi" width="4988" height="656" />
    <size key="GridCell.Tab.0.right.0.0.5120.2880@192dpi" width="4988" height="656" />
    <size key="GridCell.Tab.0.bottom.0.0.5120.2880@192dpi" width="4988" height="656" />
    <size key="GridCell.Tab.1.left.0.0.5120.2880@192dpi" width="4988" height="656" />
    <size key="GridCell.Tab.1.center.0.0.5120.2880@192dpi" width="4988" height="656" />
    <size key="GridCell.Tab.1.right.0.0.5120.2880@192dpi" width="4988" height="656" />
    <size key="GridCell.Tab.1.bottom.0.0.5120.2880@192dpi" width="4988" height="656" />
    <size key="find.popup.0.0.5120.2880@192dpi" width="2714" height="1476" />
    <size key="GridCell.Tab.2.left.0.0.5120.2880@192dpi" width="4988" height="1240" />
    <size key="GridCell.Tab.2.center.0.0.5120.2880@192dpi" width="4988" height="1240" />
    <size key="GridCell.Tab.2.right.0.0.5120.2880@192dpi" width="4988" height="1240" />
    <size key="GridCell.Tab.2.bottom.0.0.5120.2880@192dpi" width="4988" height="1240" />
    <size key="GridCell.Tab.0.left.0.0.3024.1964@192dpi" width="2892" height="758" />
    <size key="GridCell.Tab.0.center.0.0.3024.1964@192dpi" width="2892" height="758" />
    <size key="GridCell.Tab.0.right.0.0.3024.1964@192dpi" width="2892" height="758" />
    <size key="GridCell.Tab.0.bottom.0.0.3024.1964@192dpi" width="2892" height="758" />
    <size key="GridCell.Tab.1.left.0.0.3024.1964@192dpi" width="2892" height="758" />
    <size key="GridCell.Tab.1.center.0.0.3024.1964@192dpi" width="2892" height="758" />
    <size key="GridCell.Tab.1.right.0.0.3024.1964@192dpi" width="2892" height="758" />
    <size key="GridCell.Tab.1.bottom.0.0.3024.1964@192dpi" width="2892" height="758" />
    <size key="GridCell.Tab.2.left.0.0.3024.1964@192dpi" width="2892" height="636" />
    <size key="GridCell.Tab.2.center.0.0.3024.1964@192dpi" width="2892" height="636" />
    <size key="GridCell.Tab.2.right.0.0.3024.1964@192dpi" width="2892" height="636" />
    <size key="GridCell.Tab.2.bottom.0.0.3024.1964@192dpi" width="2892" height="636" />
    <size key="GridCell.Tab.3.left.0.0.5120.2880@192dpi" width="4288" height="868" />
    <size key="GridCell.Tab.3.center.0.0.5120.2880@192dpi" width="4288" height="868" />
    <size key="GridCell.Tab.3.right.0.0.5120.2880@192dpi" width="4288" height="868" />
    <size key="GridCell.Tab.3.bottom.0.0.5120.2880@192dpi" width="4288" height="868" />
    <size key="GridCell.Tab.0.left.-3024.822.3024.1964@192dpi" width="2892" height="562" />
    <size key="GridCell.Tab.0.center.-3024.822.3024.1964@192dpi" width="2892" height="562" />
    <size key="GridCell.Tab.0.right.-3024.822.3024.1964@192dpi" width="2892" height="562" />
    <size key="GridCell.Tab.0.bottom.-3024.822.3024.1964@192dpi" width="2892" height="562" />
    <size key="find.popup.0.0.3024.1964@192dpi" width="1290" height="984" />
    <size key="find.popup.-3024.822.3024.1964@192dpi" width="1354" height="1080" />
    <size key="GridCell.Tab.0.left.-1164.-2880.5120.2880@192dpi" width="3444" height="668" />
    <size key="GridCell.Tab.0.center.-1164.-2880.5120.2880@192dpi" width="3444" height="668" />
    <size key="GridCell.Tab.0.right.-1164.-2880.5120.2880@192dpi" width="3444" height="668" />
    <size key="GridCell.Tab.0.bottom.-1164.-2880.5120.2880@192dpi" width="3444" height="668" />
    <size key="GridCell.Tab.0.left.-1016.-2880.5120.2880@192dpi" width="4988" height="626" />
    <size key="GridCell.Tab.0.center.-1016.-2880.5120.2880@192dpi" width="4988" height="626" />
    <size key="GridCell.Tab.0.right.-1016.-2880.5120.2880@192dpi" width="4988" height="626" />
    <size key="GridCell.Tab.0.bottom.-1016.-2880.5120.2880@192dpi" width="4988" height="626" />
    <size key="find.popup.-1016.-2880.5120.2880@192dpi" width="1290" height="984" />
    <size key="GridCell.Tab.1.left.-1016.-2880.5120.2880@192dpi" width="4988" height="626" />
    <size key="GridCell.Tab.1.center.-1016.-2880.5120.2880@192dpi" width="4988" height="626" />
    <size key="GridCell.Tab.1.right.-1016.-2880.5120.2880@192dpi" width="4988" height="626" />
    <size key="GridCell.Tab.1.bottom.-1016.-2880.5120.2880@192dpi" width="4988" height="626" />
    <size key="GridCell.Tab.2.left.-1016.-2880.5120.2880@192dpi" width="4988" height="626" />
    <size key="GridCell.Tab.2.center.-1016.-2880.5120.2880@192dpi" width="4988" height="626" />
    <size key="GridCell.Tab.2.right.-1016.-2880.5120.2880@192dpi" width="4988" height="626" />
    <size key="GridCell.Tab.2.bottom.-1016.-2880.5120.2880@192dpi" width="4988" height="626" />
  </component>
  <component name="WindowManager">
    <frame x="0" y="25" width="2560" height="1415" extendedState="6" />
  </component>
  <component name="WindowStateApplicationService">
    <state x="1113" y="814" width="378" height="100" key="ProcessPopupWindow" timestamp="1720682441667">
      <screen x="0" y="38" width="1512" height="944" />
    </state>
    <state x="1113" y="814" width="378" height="100" key="ProcessPopupWindow/0.38.1512.944@0.38.1512.944" timestamp="1720682441667" />
    <state width="1904" height="765" key="ShowUsagesActions.dimensionServiceKey" timestamp="1723724723190">
      <screen x="0" y="25" width="2560" height="1415" />
    </state>
    <state width="1904" height="765" key="ShowUsagesActions.dimensionServiceKey/-1512.443.1512.950/0.25.2560.1415" timestamp="1723724723190" />
    <state width="750" height="142" key="ShowUsagesActions.dimensionServiceKey/0.38.1512.944" timestamp="1717578863902" />
    <state x="1280" y="732" width="2560" height="1415" key="WELCOME_SCREEN" timestamp="1724556532107">
      <screen x="0" y="25" width="2560" height="1415" />
    </state>
    <state x="1280" y="732" width="2560" height="1415" key="WELCOME_SCREEN/-1512.443.1512.950/0.25.2560.1415" timestamp="1724556532107" />
    <state x="1280" y="732" width="2168" height="1415" key="WELCOME_SCREEN/-1512.449.1512.944/0.25.2560.1415" timestamp="1721811490562" />
    <state x="997" y="647" width="1280" height="944" key="WELCOME_SCREEN/0.38.1512.944" timestamp="1724484203173" />
  </component>
</application>