<code_scheme name="Default" version="173">
  <JavaCodeStyleSettings>
    <option name="CLASS_COUNT_TO_USE_IMPORT_ON_DEMAND" value="99" />
    <option name="NAMES_COUNT_TO_USE_IMPORT_ON_DEMAND" value="99" />
  </JavaCodeStyleSettings>
  <SqlCodeStyleSettings version="7">
    <option name="DISABLE_FORMATTING" value="true" />
    <option name="TYPE_CASE" value="3" />
    <option name="CUSTOM_TYPE_CASE" value="3" />
    <option name="ALIAS_CASE" value="4" />
    <option name="BUILT_IN_CASE" value="0" />
    <option name="QUERY_EL_LINE" value="101" />
    <option name="QUERY_EL_COMMA" value="2" />
    <option name="QUERY_IN_ONE_STRING" value="1" />
    <option name="QUERY_TRUE_INDENT" value="false" />
    <option name="QUERY_ALIGN_ELEMENTS" value="false" />
    <option name="QUERY_ALIGN_LINE_COMMENTS" value="false" />
    <option name="SUBQUERY_OPENING" value="4" />
    <option name="SUBQUERY_CONTENT" value="2" />
    <option name="SUBQUERY_CLOSING" value="2" />
    <option name="INSERT_EL_COMMA" value="2" />
    <option name="SET_EL_WRAP" value="0" />
    <option name="SET_EL_COMMA" value="0" />
    <option name="WITH_EL_WRAP" value="0" />
    <option name="WITH_EL_COMMA" value="0" />
    <option name="SELECT_EL_LINE" value="101" />
    <option name="SELECT_EL_COMMA" value="2" />
    <option name="SELECT_NEW_LINE_AFTER_ALL_DISTINCT" value="true" />
    <option name="SELECT_KEEP_N_ITEMS_IN_LINE" value="0" />
    <option name="SELECT_ALIGN_AS" value="false" />
    <option name="FROM_EL_LINE" value="101" />
    <option name="FROM_EL_COMMA" value="2" />
    <option name="FROM_INDENT_JOIN" value="false" />
    <option name="FROM_ONLY_JOIN_INDENT" value="2" />
    <option name="FROM_PLACE_ON" value="10" />
    <option name="WHERE_EL_LINE" value="101" />
    <option name="ORDER_EL_LINE" value="101" />
    <option name="ORDER_EL_WRAP" value="1" />
    <option name="ORDER_EL_COMMA" value="2" />
    <option name="TABLE_OPENING" value="1" />
    <option name="TABLE_CONTENT" value="2" />
    <option name="TABLE_CLOSING" value="3" />
    <option name="TABLE_TYPES_ALIGN" value="false" />
    <option name="TABLE_DEFAULTS_ALIGN" value="false" />
    <option name="TABLE_NULLABILITIES_ALIGN" value="false" />
    <option name="TABLE_ALTER_INSTRUCTION_INDENT" value="false" />
    <option name="TABLE_ALTER_INSTRUCTION_ALIGN" value="false" />
    <option name="TABLE_ALTER_ITEM_ALIGN" value="false" />
    <option name="POST_OPT_WRAP_1" value="true" />
    <option name="POST_OPT_ALIGN" value="false" />
    <option name="ROUTINE_ARG_COMMA" value="2" />
    <option name="CORTEGE_SPACE_BEFORE_L_PAREN" value="false" />
    <option name="EXPR_BINARY_OP_ALIGN" value="false" />
    <option name="EXPR_CASE_END" value="1" />
    <option name="EXPR_CASE_COLLAPSE" value="false" />
    <option name="PRIMARY_KEY_NAME_TEMPLATE" value="{table}_{columns}_pk" />
  </SqlCodeStyleSettings>
  <codeStyleSettings language="JAVA">
    <indentOptions>
      <option name="SMART_TABS" value="true" />
    </indentOptions>
  </codeStyleSettings>
  <codeStyleSettings language="JSON">
    <indentOptions>
      <option name="INDENT_SIZE" value="4" />
      <option name="CONTINUATION_INDENT_SIZE" value="4" />
    </indentOptions>
  </codeStyleSettings>
  <codeStyleSettings language="SQL">
    <option name="KEEP_LINE_BREAKS" value="false" />
    <option name="KEEP_FIRST_COLUMN_COMMENT" value="false" />
    <indentOptions>
      <option name="INDENT_SIZE" value="2" />
      <option name="CONTINUATION_INDENT_SIZE" value="2" />
      <option name="TAB_SIZE" value="2" />
    </indentOptions>
  </codeStyleSettings>
</code_scheme>