<?xml version="1.0" encoding="UTF-8"?>
<beans xmlns="http://www.springframework.org/schema/beans"
       xmlns:context="http://www.springframework.org/schema/context"
       xmlns:xsi="http://www.w3.org/2001/XMLSchema-instance"
       xmlns:tx="http://www.springframework.org/schema/tx"
       xsi:schemaLocation="http://www.springframework.org/schema/beans
                           http://www.springframework.org/schema/beans/spring-beans.xsd
                           http://www.springframework.org/schema/context
                           http://www.springframework.org/schema/context/spring-context.xsd
                           http://www.springframework.org/schema/tx
                           http://www.springframework.org/schema/tx/spring-tx.xsd">
    <!--启用扫描机制，并制定扫描对应的包-->
    <context:annotation-config/>
    <context:component-scan base-package="whz.service.impl">
    </context:component-scan>
    <!--加载属性文件-->
    <context:property-placeholder location="classpath:dbConfig.properties"/>
    <!--数据库连接池-->
    <bean id="dataSource" class="org.apache.commons.dbcp.BasicDataSource">
        <property name="driverClassName" value="com.mysql.jdbc.Driver"/>
        <property name="username" value=""/>
        <property name="password" value=""/>
        <property name="url" value=""/>
    </bean>
    <!--集成mybatis-->
    <bean id="sqlSessionFactory" class="org.mybatis.spring.SqlSessionFactoryBean">
        <property name="dataSource" ref="dataSource"/>
        <property name="configLocation" value="classpath:mybatis-config.xml"/>
    </bean>
    <!--事务管理器配置数据源事务-->
    <bean id="transactionManager" class="org.springframework.jdbc.datasource.DataSourceTransactionManager">
        <property name="dataSource" ref="dataSource"/>
    </bean>
    <!--使用注解定义事务-->
    <tx:annotation-driven transaction-manager="transactionManager"/>
    <!--采用自动扫描方式创建mapper bean-->
    <bean class="org.mybatis.spring.mapper.MapperScannerConfigurer">
        <property name="basePackage" value=""/>
        <property name="sqlSessionFactoryBeanName" value="sqlSessionFactory"/>
        <property name="annotationClass" value="org.springframework.stereotype.Repository"/>
    </bean>

    <!--配置SqlSessionTemplate-->
    <bean id="sqlSessionTemplate" class="org.mybatis.spring.SqlSessionTemplate">
        <constructor-arg ref="sqlSessionFactory"/>
        <constructor-arg value="BATCH"/>
    </bean>

</beans>