<keymap version="1" name="macOS copy" parent="Mac OS X 10.5+">
  <action id="ActivateHierarchyToolWindow">
    <keyboard-shortcut first-keystroke="meta e" />
  </action>
  <action id="ActivateProjectToolWindow">
    <keyboard-shortcut first-keystroke="meta 1" />
    <keyboard-shortcut first-keystroke="meta p" />
  </action>
  <action id="ActivateStructureToolWindow">
    <keyboard-shortcut first-keystroke="meta 7" />
    <keyboard-shortcut first-keystroke="meta s" />
  </action>
  <action id="Adtui.ZoomInAction">
    <keyboard-shortcut first-keystroke="meta add" />
  </action>
  <action id="Adtui.ZoomToFitAction">
    <keyboard-shortcut first-keystroke="meta divide" />
  </action>
  <action id="Arrangement.Alias.Rule.Add">
    <keyboard-shortcut first-keystroke="meta n" />
  </action>
  <action id="Arrangement.Rule.Add">
    <keyboard-shortcut first-keystroke="meta n" />
  </action>
  <action id="Back">
    <mouse-shortcut keystroke="button4" />
    <keyboard-shortcut first-keystroke="ctrl left" />
    <keyboard-shortcut first-keystroke="ctrl o" />
  </action>
  <action id="CodeCompletion" />
  <action id="CollapseAll">
    <keyboard-shortcut first-keystroke="meta subtract" />
  </action>
  <action id="CollapseExpandableComponent">
    <keyboard-shortcut first-keystroke="shift enter" />
    <keyboard-shortcut first-keystroke="meta subtract" />
  </action>
  <action id="CollapseRegion">
    <keyboard-shortcut first-keystroke="meta subtract" />
  </action>
  <action id="CollapseSelection" />
  <action id="CommentByBlockComment">
    <keyboard-shortcut first-keystroke="meta alt slash" />
    <keyboard-shortcut first-keystroke="meta alt divide" />
    <keyboard-shortcut first-keystroke="shift ctrl slash" />
    <keyboard-shortcut first-keystroke="shift ctrl divide" />
    <keyboard-shortcut first-keystroke="shift meta divide" />
    <keyboard-shortcut first-keystroke="shift meta divide" />
    <keyboard-shortcut first-keystroke="meta slash" />
  </action>
  <action id="CommentByLineComment">
    <keyboard-shortcut first-keystroke="meta divide" />
  </action>
  <action id="CompileDirty">
    <keyboard-shortcut first-keystroke="meta f9" />
    <keyboard-shortcut first-keystroke="ctrl b" />
  </action>
  <action id="Console.Execute.Multiline" />
  <action id="Console.SplitLine" />
  <action id="Console.TableResult.NavigateExportedAction">
    <keyboard-shortcut first-keystroke="alt f7" />
  </action>
  <action id="Console.TableResult.Submit" />
  <action id="DSM.ZoomIn">
    <keyboard-shortcut first-keystroke="meta add" />
  </action>
  <action id="DirDiffMenu.SynchronizeDiff.All" />
  <action id="EditorChooseLookupItemDot" />
  <action id="EditorCompleteStatement">
    <keyboard-shortcut first-keystroke="shift meta enter" />
    <keyboard-shortcut first-keystroke="ctrl enter" />
  </action>
  <action id="EditorCutLineEnd" />
  <action id="EditorLeft">
    <keyboard-shortcut first-keystroke="left" />
  </action>
  <action id="EditorLeftWithSelection" />
  <action id="EditorNextWord">
    <keyboard-shortcut first-keystroke="ctrl alt f" />
  </action>
  <action id="EditorPreviousWord">
    <keyboard-shortcut first-keystroke="ctrl alt b" />
  </action>
  <action id="EditorRightWithSelection" />
  <action id="EditorSplitLine" />
  <action id="ExpandAll">
    <keyboard-shortcut first-keystroke="meta add" />
  </action>
  <action id="ExpandExpandableComponent">
    <keyboard-shortcut first-keystroke="shift enter" />
    <keyboard-shortcut first-keystroke="meta add" />
  </action>
  <action id="ExpandRegion">
    <keyboard-shortcut first-keystroke="meta add" />
  </action>
  <action id="ExportToTextFile" />
  <action id="ExternalJavaDoc">
    <keyboard-shortcut first-keystroke="shift f1" />
    <keyboard-shortcut first-keystroke="shift ctrl k" />
  </action>
  <action id="ExternalSystem.CollapseAll">
    <keyboard-shortcut first-keystroke="meta subtract" />
  </action>
  <action id="ExternalSystem.ExpandAll">
    <keyboard-shortcut first-keystroke="meta add" />
  </action>
  <action id="FileChooser.TogglePathShowing" />
  <action id="FindUsagesInFile">
    <keyboard-shortcut first-keystroke="meta f7" />
    <keyboard-shortcut first-keystroke="meta equals" />
  </action>
  <action id="FixDocComment">
    <keyboard-shortcut first-keystroke="ctrl c" />
  </action>
  <action id="Forward">
    <mouse-shortcut keystroke="button5" />
    <keyboard-shortcut first-keystroke="ctrl right" />
    <keyboard-shortcut first-keystroke="ctrl i" />
  </action>
  <action id="Generate">
    <keyboard-shortcut first-keystroke="meta n" />
    <keyboard-shortcut first-keystroke="ctrl g" />
  </action>
  <action id="Generate.Missing.Members.ES6" />
  <action id="Generate.Missing.Members.TypeScript" />
  <action id="GotoClass" />
  <action id="Graph.ActualSize">
    <keyboard-shortcut first-keystroke="meta divide" />
  </action>
  <action id="HideAllWindows">
    <keyboard-shortcut first-keystroke="shift meta f12" />
    <keyboard-shortcut first-keystroke="meta o" />
    <keyboard-shortcut first-keystroke="meta m" />
  </action>
  <action id="Images.Editor.ActualSize">
    <keyboard-shortcut first-keystroke="meta divide" />
  </action>
  <action id="Images.Editor.ToggleGrid" />
  <action id="Images.Editor.ZoomIn">
    <keyboard-shortcut first-keystroke="meta add" />
  </action>
  <action id="Images.Editor.ZoomOut">
    <keyboard-shortcut first-keystroke="meta subtract" />
  </action>
  <action id="ImplementMethods" />
  <action id="KotlinShellExecute" />
  <action id="List-selectNextColumnExtendSelection" />
  <action id="List-selectPreviousColumn">
    <keyboard-shortcut first-keystroke="left" />
  </action>
  <action id="Maven.CollapseAll">
    <keyboard-shortcut first-keystroke="meta subtract" />
  </action>
  <action id="Maven.ExpandAll">
    <keyboard-shortcut first-keystroke="meta add" />
  </action>
  <action id="MethodHierarchy.ImplementMethodAction" />
  <action id="MinimizeCurrentWindow" />
  <action id="NavBar-selectLeft">
    <keyboard-shortcut first-keystroke="left" />
  </action>
  <action id="NewElement">
    <keyboard-shortcut first-keystroke="meta n" />
  </action>
  <action id="NextTab">
    <keyboard-shortcut first-keystroke="alt right" />
    <keyboard-shortcut first-keystroke="shift right" />
  </action>
  <action id="OverrideMethods" />
  <action id="ParameterInfo">
    <keyboard-shortcut first-keystroke="meta open_bracket" />
  </action>
  <action id="PreviousTab">
    <keyboard-shortcut first-keystroke="alt left" />
    <keyboard-shortcut first-keystroke="shift left" />
  </action>
  <action id="QuickJavaDoc">
    <keyboard-shortcut first-keystroke="ctrl k" />
    <keyboard-shortcut first-keystroke="f1" />
  </action>
  <action id="RecentFiles" />
  <action id="Run" />
  <action id="SaveAll" />
  <action id="SelectNextOccurrence" />
  <action id="ServiceView.AddService">
    <keyboard-shortcut first-keystroke="meta n" />
  </action>
  <action id="ShelvedChanges.Rename">
    <keyboard-shortcut first-keystroke="f2" />
    <keyboard-shortcut first-keystroke="shift f6" />
    <keyboard-shortcut first-keystroke="ctrl r" />
  </action>
  <action id="ShowErrorDescription">
    <keyboard-shortcut first-keystroke="meta f1" />
    <keyboard-shortcut first-keystroke="meta quote" />
  </action>
  <action id="ShowIntentionActions">
    <keyboard-shortcut first-keystroke="meta enter" />
  </action>
  <action id="ShowProjectStructureSettings" />
  <action id="ShowSettings" />
  <action id="ShowUsages">
    <keyboard-shortcut first-keystroke="meta alt f7" />
    <keyboard-shortcut first-keystroke="meta semicolon" />
  </action>
  <action id="SplitChooser.Duplicate" />
  <action id="SurroundWith">
    <keyboard-shortcut first-keystroke="meta alt t" />
    <keyboard-shortcut first-keystroke="ctrl s" />
  </action>
  <action id="SwitcherIterateItems" />
  <action id="SwitcherRecentEditedChangedToggleCheckBox" />
  <action id="Table-selectNextColumnExtendSelection" />
  <action id="Table-selectPreviousColumnExtendSelection" />
  <action id="Terminal.SmartCommandExecution.Run" />
  <action id="Tree-selectParent">
    <keyboard-shortcut first-keystroke="left" />
  </action>
  <action id="Tree-selectParentExtendSelection" />
  <action id="Uml.NewElement">
    <keyboard-shortcut first-keystroke="meta n" />
  </action>
  <action id="UsageGrouping.FileStructure" />
  <action id="UsageGrouping.FlattenModules" />
  <action id="Vcs.ShowMessageHistory">
    <keyboard-shortcut first-keystroke="ctrl m" />
  </action>
  <action id="ViewSource" />
</keymap>