<application>
  <component name="NodeJsLocalInterpreterManager">
    <local-interpreter path="/opt/homebrew/bin/node">
      <version-cache version="23.11.0" last-modified="1751428273588" />
    </local-interpreter>
    <local-interpreter path="$USER_HOME$/.nvm/versions/node/v21.7.1/bin/node">
      <version-cache version="21.7.1" last-modified="1709906664000" />
    </local-interpreter>
    <local-interpreter path="$USER_HOME$/.nvm/versions/node/v16.4.0/bin/node">
      <version-cache version="16.4.0" last-modified="1624442603000" />
    </local-interpreter>
    <local-interpreter path="$USER_HOME$/.nvm/versions/node/v15.5.1/bin/node">
      <version-cache version="15.5.1" last-modified="1609763358000" />
    </local-interpreter>
    <local-interpreter path="/usr/local/bin/node">
      <version-cache version="14.17.4" last-modified="1627554546000" />
    </local-interpreter>
    <local-interpreter path="$USER_HOME$/.nvm/versions/node/v12.22.1/bin/node">
      <version-cache version="12.22.1" last-modified="1617727857000" />
    </local-interpreter>
  </component>
</application>