<application>
  <component name="PlantUmlSettingsNew">
    <option name="PLANTUML_LIMIT_SIZE" value="" />
    <option name="customPlantumlJarPath" value="$USER_HOME$/Applications/plantuml.jar" />
    <option name="includedPaths" value="" />
    <option name="lastBundledVersion" value="1.2024.7" />
    <option name="switchToBundledAfterUpdate" value="false" />
    <option name="useBundled" value="false" />
    <option name="usePreferentiallyGRAPHIZ_DOT" value="true" />
  </component>
</application>