<application>
  <component name="ProjectManager">
    <defaultProject>
      <component name="AnalysisProjectProfileManager">
        <option name="PROJECT_PROFILE" />
        <option name="USE_PROJECT_LEVEL_SETTINGS" value="false" />
        <list size="0" />
      </component>
      <component name="ProjectView">
        <navigator proportions="" version="1" />
        <panes />
      </component>
      <component name="ProjectViewState">
        <option name="abbreviatePackageNames" value="true" />
        <option name="foldersAlwaysOnTop" value="false" />
        <option name="showLibraryContents" value="true" />
      </component>
      <component name="PropertiesComponent"><![CDATA[{
  "keyToString": {
    "settings.editor.selected.configurable": "MavenSettings"
  }
}]]></component>
      <component name="SuppressionsComponent">
        <option name="suppComments" value="[]" />
      </component>
      <component name="WindowStateProjectService">
        <state x="789" y="374" key="SettingsEditor" timestamp="1731895921856">
          <screen x="0" y="25" width="2560" height="1415" />
        </state>
        <state x="789" y="374" key="SettingsEditor/-1512.490.1512.950/0.25.2560.1415" timestamp="1731895921856" />
      </component>
      <component name="masterDetails">
        <states>
          <state key="ProjectJDKs.UI">
            <settings>
              <last-edited>1.8 (2)</last-edited>
              <splitter-proportions>
                <option name="proportions">
                  <list>
                    <option value="0.2" />
                  </list>
                </option>
              </splitter-proportions>
            </settings>
          </state>
        </states>
      </component>
    </defaultProject>
  </component>
</application>