<application>
  <component name="Trusted.Paths">
    <option name="TRUSTED_PROJECT_PATHS">
      <map>
        <entry key="$USER_HOME$/DataGripProject/DataGripDesktop_1" value="true" />
        <entry key="$USER_HOME$/DataGripProject/DataGripDesktop_2" value="true" />
        <entry key="$USER_HOME$/DataGripProject/DataGripDesktop_3" value="true" />
        <entry key="$USER_HOME$/Documents/DesktopCode/DesktopCode_1" value="true" />
        <entry key="$USER_HOME$/Documents/DesktopCode/DesktopCode_2" value="true" />
        <entry key="$USER_HOME$/Git/omni" value="true" />
        <entry key="$USER_HOME$/Library/Mobile Documents/com~apple~CloudDocs/Documents/DesktopCode/Desktop_2_code" value="true" />
        <entry key="$USER_HOME$/iCloud/blog/notes" value="true" />
        <entry key="$USER_HOME$/notSync" value="true" />
        <entry key="$USER_HOME$/notSync/NaisWang.github.io" value="true" />
        <entry key="$USER_HOME$/pddProject/logistics-algol" value="true" />
      </map>
    </option>
  </component>
  <component name="Trusted.Paths.Settings">
    <option name="TRUSTED_PATHS">
      <list>
        <option value="$USER_HOME$/DataGripProject" />
        <option value="$USER_HOME$/Library/Mobile Documents/com~apple~CloudDocs/Documents/DesktopCode" />
      </list>
    </option>
  </component>
</application>