<application>
  <component name="DimensionService">
    <location key="find.popup.-3024.916.3024.1964@192dpi" x="-1984" y="1250" />
    <location key="find.popup.0.0.5120.2880@192dpi" x="1760" y="452" />
    <location key="find.popup.0.0.3024.1964@192dpi" x="1040" y="346" />
    <size key="GridCell.Tab.0.left.-3024.916.3024.1964@192dpi" width="806" height="658" />
    <size key="GridCell.Tab.0.center.-3024.916.3024.1964@192dpi" width="806" height="658" />
    <size key="GridCell.Tab.0.right.-3024.916.3024.1964@192dpi" width="806" height="658" />
    <size key="GridCell.Tab.0.bottom.-3024.916.3024.1964@192dpi" width="806" height="658" />
    <size key="GridCell.Tab.0.left.0.0.3024.1964@192dpi" width="712" height="982" />
    <size key="GridCell.Tab.0.center.0.0.3024.1964@192dpi" width="712" height="982" />
    <size key="GridCell.Tab.0.right.0.0.3024.1964@192dpi" width="712" height="982" />
    <size key="GridCell.Tab.0.bottom.0.0.3024.1964@192dpi" width="712" height="982" />
    <size key="find.popup.-3024.916.3024.1964@192dpi" width="1298" height="1524" />
    <size key="find.popup.0.0.5120.2880@192dpi" width="2198" height="2270" />
    <size key="GridCell.Tab.0.left.0.0.5120.2880@192dpi" width="710" height="1034" />
    <size key="GridCell.Tab.0.center.0.0.5120.2880@192dpi" width="710" height="1034" />
    <size key="GridCell.Tab.0.right.0.0.5120.2880@192dpi" width="710" height="1034" />
    <size key="GridCell.Tab.0.bottom.0.0.5120.2880@192dpi" width="710" height="1034" />
    <size key="GridCell.Tab.1.left.-3024.916.3024.1964@192dpi" width="2892" height="342" />
    <size key="GridCell.Tab.1.center.-3024.916.3024.1964@192dpi" width="2892" height="342" />
    <size key="GridCell.Tab.1.right.-3024.916.3024.1964@192dpi" width="2892" height="342" />
    <size key="GridCell.Tab.1.bottom.-3024.916.3024.1964@192dpi" width="2892" height="342" />
    <size key="find.popup.0.0.3024.1964@192dpi" width="1298" height="1524" />
  </component>
  <component name="WindowManager">
    <frame x="-1512" y="490" width="1512" height="950" extendedState="6" />
  </component>
  <component name="WindowStateApplicationService">
    <state width="389" height="120" key="ShowUsagesActions.dimensionServiceKey" timestamp="1747419952648">
      <screen x="0" y="25" width="2560" height="1415" />
    </state>
    <state width="389" height="120" key="ShowUsagesActions.dimensionServiceKey/-1512.742.1512.950/0.25.2560.1415" timestamp="1747419952648" />
    <state x="-756" y="965" width="1512" height="950" key="WELCOME_SCREEN" timestamp="1753756069317">
      <screen x="-1512" y="490" width="1512" height="950" />
    </state>
    <state x="-756" y="965" width="1512" height="950" key="WELCOME_SCREEN/-1512.490.1512.950/0.25.2560.1415/2560.-283.1080.1920" timestamp="1753414706167" />
    <state x="-756" y="965" width="1512" height="950" key="WELCOME_SCREEN/-1512.490.1512.950/2560.-283.1080.1920/0.25.2560.1415" timestamp="1753756069317" />
    <state x="-756" y="1217" width="1512" height="950" key="WELCOME_SCREEN/-1512.742.1512.950/0.25.2560.1415" timestamp="1747933657880" />
  </component>
</application>