<application>
  <component name="DimensionService">
    <location key="find.popup.-3024.916.3024.1964@192dpi" x="-1984" y="1250" />
    <location key="find.popup.0.0.5120.2880@192dpi" x="1760" y="452" />
    <size key="GridCell.Tab.0.left.-3024.916.3024.1964@192dpi" width="1500" height="662" />
    <size key="GridCell.Tab.0.center.-3024.916.3024.1964@192dpi" width="1500" height="662" />
    <size key="GridCell.Tab.0.right.-3024.916.3024.1964@192dpi" width="1500" height="662" />
    <size key="GridCell.Tab.0.bottom.-3024.916.3024.1964@192dpi" width="1500" height="662" />
    <size key="GridCell.Tab.0.left.0.0.3024.1964@192dpi" width="712" height="982" />
    <size key="GridCell.Tab.0.center.0.0.3024.1964@192dpi" width="712" height="982" />
    <size key="GridCell.Tab.0.right.0.0.3024.1964@192dpi" width="712" height="982" />
    <size key="GridCell.Tab.0.bottom.0.0.3024.1964@192dpi" width="712" height="982" />
    <size key="find.popup.-3024.916.3024.1964@192dpi" width="1298" height="1524" />
    <size key="find.popup.0.0.5120.2880@192dpi" width="2198" height="2270" />
    <size key="GridCell.Tab.0.left.0.0.5120.2880@192dpi" width="752" height="662" />
    <size key="GridCell.Tab.0.center.0.0.5120.2880@192dpi" width="752" height="662" />
    <size key="GridCell.Tab.0.right.0.0.5120.2880@192dpi" width="752" height="662" />
    <size key="GridCell.Tab.0.bottom.0.0.5120.2880@192dpi" width="752" height="662" />
    <size key="GridCell.Tab.1.left.-3024.916.3024.1964@192dpi" width="2892" height="562" />
    <size key="GridCell.Tab.1.center.-3024.916.3024.1964@192dpi" width="2892" height="562" />
    <size key="GridCell.Tab.1.right.-3024.916.3024.1964@192dpi" width="2892" height="562" />
    <size key="GridCell.Tab.1.bottom.-3024.916.3024.1964@192dpi" width="2892" height="562" />
  </component>
  <component name="WindowManager">
    <frame x="-1512" y="490" width="1512" height="950" extendedState="6" />
  </component>
  <component name="WindowStateApplicationService">
    <state x="1280" y="732" width="2560" height="1415" key="WELCOME_SCREEN" timestamp="1746006404555">
      <screen x="2560" y="-283" width="1080" height="1920" />
    </state>
    <state x="-756" y="965" width="1512" height="950" key="WELCOME_SCREEN/-1512.490.1512.950/0.25.2560.1415/2560.-283.1080.1920" timestamp="1745310544692" />
    <state x="1280" y="732" width="2560" height="1415" key="WELCOME_SCREEN/-1512.490.1512.950/2560.-283.1080.1920/0.25.2560.1415" timestamp="1746006404555" />
    <state x="-756" y="1217" width="1512" height="950" key="WELCOME_SCREEN/-1512.742.1512.950/0.25.2560.1415" timestamp="1745641378646" />
    <state x="756" y="461" width="800" height="650" key="WELCOME_SCREEN/0.38.1512.944" timestamp="1742090789989" />
  </component>
</application>